{
	"id": "kendrix-sync-api-environment",
	"name": "Kendrix Sync API Environment",
	"values": [
		{
			"key": "base_url",
			"value": "https://client.kendrix.org/api",
			"type": "default",
			"enabled": true
		},
		{
			"key": "jwt_token",
			"value": "",
			"type": "secret",
			"enabled": true,
			"description": "JWT token for authentication. Run Generate JWT Token request to get this."
		},
		{
			"key": "tenant_key",
			"value": "KENDRIX-CLIENT-001",
			"type": "default",
			"enabled": true,
			"description": "Tenant external key for multi-tenant support"
		},
		{
			"key": "test_id",
			"value": "{{$timestamp}}",
			"type": "default",
			"enabled": true,
			"description": "Auto-generated test ID based on timestamp"
		},
		{
			"key": "random_int",
			"value": "{{$randomInt}}",
			"type": "default",
			"enabled": true,
			"description": "Random integer for unique values"
		},
		{
			"key": "iso_timestamp",
			"value": "{{$isoTimestamp}}",
			"type": "default",
			"enabled": true,
			"description": "ISO timestamp for data fields"
		}
	],
	"_postman_variable_scope": "environment",
	"_postman_exported_at": "2025-09-16T21:00:00.000Z",
	"_postman_exported_using": "Postman/10.0.0"
}
